{
    "accuracy": 0.9960687960687961,
    "precision": 0.9961511241948998,
    "recall": 0.9960687960687961,
    "f1_score": 0.996062427494408
}